Id alquiler,Usuario alquiler,Nombre Completo,Fecha De Nacimiento,Nacionalidad,Archivo Documentos,Numero Licencia Conduccion,Pais Expedicion Licencia,Fecha Vencimiento Licencia
5ee536a3-5764-4633-a1f5-d6209d967489,x,j,10/14/2023,j,x.pdf,j,j,10/14/2027
5ee536a3-5764-4633-a1f5-d6209d967489,x,l,10/14/2022,l,x.pdf,l,l,10/14/2030
"d754ce63-80b4-458f-8994-116bbc1776de","l","Angel","2003-11-11","Colombiana","l.pdf","789456123","Colombia","2030-11-25"
"115eb00d-3095-4cee-a84e-850d0de4f2cf","laura118","d","2000-12-12","d","laura118.pdf","d","d","2030-12-12"
"38ae446f-72cb-4b55-b233-7a2147022c28","f","hector","2001-11-09","Colombiana","f.pdf","458796133","Colombia","2030-12-11"
"38ae446f-72cb-4b55-b233-7a2147022c28","f","Hector sanchez","2001-09-11","Colombiana","f.pdf","51891552556","Colombia","2030-09-11"
"ff5205f4-6c98-46a9-8a33-a3f4665ad860","f","Alex rodriguez","2001-09-11","Colombiana","f.pdf","451288292","Colombia","2031-11-11"
"Sebastian Garcia","2005-11-09","Argentina","1234567","Argentina","2021-11-03"
"jupa47","Sebastian","2006-11-01","Argentina","12345123","Argentina","2020-11-11"
"jupa47","Oscar","2019-11-06","Colombiana","1234123","Colombia","2023-11-07"
"jupa47","Oscar P","2016-11-24","Colombiana","12341231","Colombia","2023-10-31"
"jupa47","Oscar P","2016-11-24","Colombiana","12341231","Colombia","2023-10-31"
"jupa47","Mario Sanchez","2004-11-06","Colombiana","46582264561","Colombia","2029-11-09"
